pseudo,follower
quirfy29,smithjane
mikej09,lindawil
brown_55,susie88
furyjams,maryd8
m_mart,pattie23
david34mo,barbwhite
richeatay,karenanna
joseph56t,nancyj10
charlttc,lisa_lh
cmartinez,clarks
danl33,walkerem
phall92,angieall
keviny25,dhernz
markkings,mwright45
donaldlop,dorohills
kennysco,jgreen77
jadamsk,shirlnelson
brianb7,cynthia55
georgem15,laurarobs
edp23,rebcam99
smithjane,quirfy29
lindawil,mikej09
susie88,brown_55
maryd8,furyjams
pattie23,m_mart
barbwhite,david34mo
karenanna,richeatay
nancyj10,joseph56t
lisa_lh,charlttc
clarks,cmartinez
walkerem,danl33
angieall,phall92
dhernz,keviny25
mwright45,markkings
dorohills,donaldlop
jgreen77,kennysco
shirlnelson,jadamsk
cynthia55,brianb7
laurarobs,georgem15
rebcam99,edp23
quirfy29,mikej09
smithjane,brown_55
lindawil,susie88
maryd8,furyjams
pattie23,barbwhite
david34mo,karenanna
richeatay,nancyj10
joseph56t,lisa_lh
charlttc,cmartinez
clarks,walkerem
danl33,phall92
keviny25,markkings
dhernz,donaldlop
mwright45,jgreen77
kennysco,shirlnelson
jadamsk,cynthia55
brianb7,laurarobs
georgem15,rebcam99
edp23,quirfy29
smithjane,mikej09
mikej09,susie88
lindawil,maryd8
brown_55,pattie23
furyjams,david34mo
m_mart,richeatay
pattie23,joseph56t
barbwhite,charlttc
karenanna,clarks
nancyj10,walkerem
lisa_lh,phall92
clarks,keviny25
walkerem,dhernz
angieall,mwright45
dhernz,kennysco
mwright45,jadamsk
donaldlop,brianb7
kennysco,georgem15
jadamsk,edp23
brianb7,quirfy29
georgem15,smithjane