idpm,pseudo
1,smithjane
2,quirfy29
3,lindawil
4,mikej09
5,susie88
6,brown_55
7,maryd8
8,furyjams
9,pattie23
10,m_mart
11,barbwhite
12,david34mo
13,karenanna
14,richeatay
15,nancyj10
16,joseph56t
17,lisa_lh
18,charlttc
19,clarks
20,cmartinez
21,smithjane
22,quirfy29
23,lindawil
24,mikej09
25,susie88
26,brown_55
27,maryd8
28,furyjams
29,pattie23
30,m_mart
31,barbwhite
32,david34mo
33,karenanna
34,richeatay
35,nancyj10
36,joseph56t
37,lisa_lh
38,charlttc
39,clarks
40,cmartinez
41,smithjane
42,quirfy29
43,lindawil
44,mikej09
45,susie88
46,brown_55
47,maryd8
48,furyjams
49,pattie23
50,m_mart
51,barbwhite
52,david34mo
53,karenanna
54,richeatay
55,nancyj10
56,joseph56t
57,lisa_lh
58,charlttc
59,clarks
60,cmartinez
61,smithjane
62,quirfy29
63,lindawil
64,mikej09
65,susie88
66,brown_55
67,maryd8
68,furyjams
69,pattie23
70,m_mart
71,barbwhite
72,david34mo
73,karenanna
74,richeatay
75,nancyj10
76,joseph56t
77,lisa_lh
78,charlttc
79,clarks
80,cmartinez